<?xml version="1.0" encoding="UTF-8"?>
<rss version="2.0" xmlns:ror="http://rorweb.com/0.1/" >
<channel>
  <title>ROR Sitemap for https://alexmelanfromringo.github.io/university-website/index.html</title>
  <link>https://alexmelanfromringo.github.io/university-website/index.html</link>

<item>
     <link>https://alexmelanfromringo.github.io/university-website/index.html</link>
     <title>Melan's bay</title>
     <description>Melan's bay</description>
     <ror:updatePeriod></ror:updatePeriod>
     <ror:sortOrder>0</ror:sortOrder>
     <ror:resourceOf>sitemap</ror:resourceOf>
</item>
<item>
     <link>https://alexmelanfromringo.github.io/university-website/pages/projects/project_1/project_1.html</link>
     <title>CustomBIP32Utils</title>
     <description>CustomBIP32Utils</description>
     <ror:updatePeriod></ror:updatePeriod>
     <ror:sortOrder>1</ror:sortOrder>
     <ror:resourceOf>sitemap</ror:resourceOf>
</item>
<item>
     <link>https://alexmelanfromringo.github.io/university-website/pages/projects/project_2/project_2.html</link>
     <title>SAP</title>
     <description>SAP</description>
     <ror:updatePeriod></ror:updatePeriod>
     <ror:sortOrder>1</ror:sortOrder>
     <ror:resourceOf>sitemap</ror:resourceOf>
</item>
<item>
     <link>https://alexmelanfromringo.github.io/university-website/pages/projects/project_3/project_3.html</link>
     <title>Пэтя Букало</title>
     <description>Пэтя Букало</description>
     <ror:updatePeriod></ror:updatePeriod>
     <ror:sortOrder>1</ror:sortOrder>
     <ror:resourceOf>sitemap</ror:resourceOf>
</item>
</channel>
</rss>
  